business_name,app_control,internal_name,list_display_name,data_type,required_in_app,required_internal_list,required_public_list,public_exposure,flow_use,packet_use,evidence,unresolved
Requester Name,,,,,,,none,,,
Requester Email,,,,,,,none,,,
Office Name,,,,,,,public_list,,,
Job Title,,,,,,,public_list_and_page,,,
Union or Bargaining Title,,,,,,,public_list,,,
Pay Type,,,,,,,none,,,
Requested Post Date,,,,,,,public_list_as_date_posted,,,
Deadline,,,,,,,public_list_and_page,,,
Work Period,,,,,,,public_list_and_page,,,
Location,,,,,,,packet_only,,,
Eligibility,,,,,,,packet_only,,,
Selection Criteria,,,,,,,packet_only,,,
Duties,,,,,,,packet_only,,,
Work Schedule,,,,,,,packet_only,,,
Application Instructions,,,,,,,packet_only,,,
Supervisor Name,,,,,,,none,,,
Primary Contact Email,,,,,,,none,,,
Status,,,,,,,public_list_not_page,,,
Revision Comments,,,,,,,none,,,
Reference Number,,,,,,,public_list_and_page,,,
Applicant Facing Title,,,,,,,public_list_and_page,,,
Packet Link,,,,,,,public_list_and_page,,,
