exact_flow_name,verified_purpose,trigger,status_effects,document_effects,public_list_effects,notification_effects,known_dependencies,unresolved
Send Request Confirmation,Confirm initial submit,UNRESOLVED,none named,none named,none,confirmation email,requests list,definition
Send Revision Notice,Notify requester of NeedsRevision,UNRESOLVED,reacts to NeedsRevision,none named,none,revision email,requests list,definition
Return Revised Request to Review,Return item to Submitted after revision save,UNRESOLVED,NeedsRevision to Submitted,none named,none,none named,requests list,definition
Notify Reviewer of Resubmission,Tell reviewer a revision is ready,UNRESOLVED,reacts to return to Submitted,none named,none,reviewer notice,requests list,definition
Generate Posting Packet,Build or refresh HTML/PDF when status is Approved Scheduled or Posted,UNRESOLVED,none named,create or refresh packet,UNRESOLVED,may be attachment source,requests list + library,definition
Send Scheduled Notice,Confirm Scheduled; attachments implied by pattern,UNRESOLVED,reacts to Scheduled,may attach packet,none,scheduled email,packet flow,definition
Publish Scheduled Item,Move Scheduled to Posted by a date or rule,UNRESOLVED,Scheduled to Posted,none named,may cause sync,may cause posted notice,date field UNRESOLVED,definition
Send Published Notice,Confirm Posted; attachments implied by pattern,UNRESOLVED,reacts to Posted,may attach packet,none,posted email,packet flow,definition
Copy Published Item to Openings List,Copy Posted request to public list,UNRESOLVED,reacts to Posted,none named,create or update public row,none named,match key UNRESOLVED,definition
Remove Openings Item on Unpublish,Remove public row when source is Unpublished,UNRESOLVED,reacts to Unpublished,none named,remove public row,none named,match key UNRESOLVED,definition
Send Unpublish Notice,Confirm Unpublished,UNRESOLVED,reacts to Unpublished,none named,none,unpublish email,requests list,definition
Close Expired Published Items,Close Posted items after deadline and notify,UNRESOLVED,Posted to Closed,none named,UNRESOLVED,close email,deadline field indicated,definition
