id,issue,why_unresolved,component,evidence_needed,importance
1,Trigger types and actions for every flow,name and purpose only,all flows,flow export and run history,high
2,How first status is assigned on create,process text vs app cards,app or list default or create flow,list default or hidden card or flow,high
3,How a requester edits an existing item,process text vs New-mode app,app,additional screen or parameter or second app,high
4,Who assigns the business key,field exists app does not collect it,list or flow or reviewer,column setting or flow action,high
5,Auto-publish trigger field and time zone,name only,publish flow,definition,high
6,Auto-close comparison and public-list side effect,likely deadline only,close flow + public list,definition and before/after items,high
7,How public packet links are built,column extract vs page rendering,list page flow library,column type view JSON flow action,high
8,Packet template and write path,generating flow named only,packet flow + library,flow + template + sample,high
9,Sync field map and duplicate prevention,flow name plus snapshot alignment,sync flow,definition,high
10,Removal match key and close vs unpublish on public list,flow name only,removal and close flows,definition,high
